<?xml version="1.0" encoding="UTF-8" standalone="yes"?>
<addon id="script.trakt" name="trakt" version="3.0.0~beta4" provider-name="trakt.tv">
	<requires>
		<import addon="xbmc.python" version="2.1.0"/>
		<import addon="script.module.simplejson" version="2.0.10"/>
		<import addon="script.module.requests" version="2.4.3"/>
		<import addon="script.module.six" version="1.7.3"/>
	</requires>
	<extension point="xbmc.python.script" library="script.py">
		<provides>executable</provides>
	</extension>
	<extension point="xbmc.service" name="trakt.service" library="default.py" start="login" />
	<extension point="xbmc.addon.metadata" name="trakt.metadata">
		<summary lang="da">TV og film program for trakt.tv</summary>
		<summary lang="de">TV und Film Scrobbler für trakt.tv</summary>
		<summary lang="el">Υπηρεσία κοινοποίησης ταινιών και τηλ. σειρών (scrobbler) στο trakt.tv</summary>
		<summary lang="en">TV and movie scrobbler for trakt.tv</summary>
		<summary lang="en_US">TV and movie scrobbler for trakt.tv</summary>
		<summary lang="es">Scrobbler de Películas y Series para trakt.tv</summary>
		<summary lang="fr">Scrobbler TV et film pour trakt.tv</summary>
		<summary lang="fr_CA">Scobbler télé et films pour trakt.tv</summary>
		<summary lang="he">Scrobbler סדרות וסרטים עבור trakt.tv</summary>
		<summary lang="it">Scrobbler di serie TV e film per trakt.tv</summary>
		<summary lang="ko">trakt.tv에 TV와 영화 시청 상태를 전송합니다</summary>
		<summary lang="lt">TV ir filmų registratorius, skirtas Trakt.tv</summary>
		<summary lang="nl">TV en films Scrobbler vor trakt.tv</summary>
		<summary lang="no">TV og film-scrobbler for trakt.tv</summary>
		<summary lang="pl">Dodatek umożliwiający rejestrację odtwarzanych i obejrzanych seriali i filmów w serwisie trakt.tv</summary>
		<summary lang="pt">Scrobbler de episódios e filmes para o trakt.tv</summary>
		<summary lang="sv">TV och film skrobblare för trakt.tv</summary>
		<description lang="da">Scrobble automatisk alle tv-episoder og film du ser til trakt.tv! Du får en omfattende historik af alt, hvad du har set og du vil være en del af et globalt fællesskab af serie og film-entusiaster. Tilmeld dig gratis på http://trakt.tv og få et væld af funktioner: &#10;&#10;&#10;- Scrobble automatiskalt  hvad du ser&#10;&#10;- Mobile apps til iPhone, iPad, Android og Windows Phone&#10;&#10;- Del det, du ser (i realtid), samt send vurderinger til facebook og&#10;twitter&#10;&#10;- Personlig kalender, så du aldrig går glip af en serie/film&#10;&#10;- Følg med i hvad dine venner og bekendte ser&#10;&#10;- Brug huskelister så du ikke glemmer, hvad de skal se&#10;&#10;- Vis og imponér din samling til venner&#10;&#10;- Opret brugerdefinerede lister &#10;&#10;- Nemt holde øje med dit serie fremskridt i løbet af sæsoner og afsnit&#10;&#10;- Sammenlign din samling mod lister som IMDb Top 250&#10;&#10;- Opdag nye serier og film baseret på TV-vaner&#10;&#10;- Widgets til dit forumsignalturer&#10;&#10;&#10;Hvad kan denne tilføjelse gøre? &#10;&#10;&#10;- Scrobble automatisk alle tv-afsnit og film, du ser&#10;&#10;- Synkroniser dine tv-afsnit og film samlinger til trakt (efter et bibliotek opdatering) &#10;&#10;- Automatisk oprydning af din trakt-samling, så den passer sammen med Kodi&#10;&#10;- Hold set-statusser synkroniseret mellem Kodi og trakt&#10;&#10;- Bedøm film og afsnit umiddelbart efter at de er set&#10;&#10;&#10;Særlig tak til alle der har bidraget til denne tilføjelser! Se historikken og  og changelog for at se hvem disse talentfulde udviklere er.</description>
		<description lang="de">Scrobble automatisch alle Serien und Filme die du schaust zu trakt.tv! Behalte den Überblick über deine Sammlung und sei Teil einer globalen Gemeinschaft von Serien- und Filmliebhabern. Registriere jetzt deinen kostenlosen Account unter http://trakt.tv und bekomme einen Haufen Funktionen:&#10;&#10;- Automatisches scrobbeln von dem was du guckst&#10;- Mobile Apps für iPhone, iPad, Android und Windows Phone&#10;- Teile was du schaust (in Echtzeit) und bewerte auf Facebook und Twitter&#10;- Personalisierte Kalender: So verpasst du nie wieder eine Serie&#10;- Folge deinen Freunden und Leuten für die du dich interessierst&#10;- Mach dir Watchlist zu nutze um nicht zu vergessen was du ansehen wolltest&#10;- Tracke deine Mediensammlung, um deine Freunde zu beeindrucken&#10;- Erstelle benutzerdefinierte Listen zu jedem Thema das dir einfällt&#10;- Behalte die Übersicht über deinen Fortschritt bei Serien&#10;- Überblicke deinen Fortschritt bei offiziellen Listen wie zum Beispiel den IMDb Top 250&#10;- Entdecke neue Serien und Filme anhand deines Geschmacks&#10;- Widgets für deine Forum Signatur&#10;&#10;Was kann dies Addon?&#10;&#10;- Automatisches scrobbeln aller Serien und Filme die du anschaust&#10;- Synchronisiere deine gesammelten Serien und Filme zur trakt Sammlung (direkt nach dem Bibliotheksupdate)&#10;- Automatisches aufräumen deiner trakt Sammlung damit sie mit Kodi übereinstimmt&#10;- Halte "gesehen" Markierungen synchronisiert zwischen Kodi und trakt&#10;- Bewerte Episoden und Filme direkt nach dem du sie geguckt hast&#10;&#10;Besonderer Dank gilt allen die an diesem Plugin mit gearbeitet haben! Schau in die Commit Historie und das Changelog um diese talentierten Entwickler zu sehen.</description>
		<description lang="en">Automatically scrobble all TV episodes and movies you are watching to trakt.tv! Keep a comprehensive history of everything you've watched and be part of a global community of TV and movie enthusiasts. Sign up for a free account at http://trakt.tv and get a ton of features:&#10;&#10;- Automatically scrobble what you're watching&#10;- Mobile apps for iPhone, iPad, Android, and Windows Phone&#10;- Share what you're watching (in real time) and rating to facebook and twitter&#10;- Personalized calendar so you never miss a TV show&#10;- Follow your friends and people you're interesed in&#10;- Use watchlists so you don't forget to what to watch&#10;- Track your media collections and impress your friends&#10;- Create custom lists around any topics you choose&#10;- Easily track your TV show progress across all seasons and episodes&#10;- Track your progress against industry lists such as the IMDb Top 250&#10;- Discover new shows and movies based on your viewing habits&#10;- Widgets for your forum signature&#10;&#10;What can this addon do?&#10;&#10;- Automatically scrobble all TV episodes and movies you are watching&#10;- Sync your TV episode and movie collections to trakt (triggered after a library update)&#10;- Auto clean your trakt collection so that it matches up with Kodi&#10;- Keep watched statuses synced between Kodi and trakt&#10;- Rate movies and episode after watching them&#10;&#10;Special thanks to all who contributed to this plugin! Check the commit history and changelog to see these talented developers.</description>
		<description lang="en_US">Automatically scrobble all TV episodes and movies you are watching to trakt.tv! Keep a comprehensive history of everything you've watched and be part of a global community of TV and movie enthusiasts. Sign up for a free account at http://trakt.tv and get a ton of features:&#10;&#10;- Automatically scrobble what you're watching&#10;- Mobile apps for iPhone, iPad, Android, and Windows Phone&#10;- Share what you're watching (in real time) and rating to facebook and twitter&#10;- Personalized calendar so you never miss a TV show&#10;- Follow your friends and people you're interesed in&#10;- Use watchlists so you don't forget to what to watch&#10;- Track your media collections and impress your friends&#10;- Create custom lists around any topics you choose&#10;- Easily track your TV show progress across all seasons and episodes&#10;- Track your progress against industry lists such as the IMDb Top 250&#10;- Discover new shows and movies based on your viewing habits&#10;- Widgets for your forum signature&#10;&#10;What can this addon do?&#10;&#10;- Automatically scrobble all TV episodes and movies you are watching&#10;- Sync your TV episode and movie collections to trakt (triggered after a library update)&#10;- Auto clean your trakt collection so that it matches up with Kodi&#10;- Keep watched statuses synced between Kodi and trakt&#10;- Rate movies and episode after watching them&#10;&#10;Special thanks to all who contributed to this plugin! Check the commit history and changelog to see these talented developers.</description>
		<description lang="es">Haz scrobble automáticamente de todas tus Series de TV y Películas que estés viendo en trakt.tv! Mantén un historial de todo lo que has visto y se parte de una comunidad global de entusiastas por las Series y Películas. Regístrate gratis en http://trakt.tv y consigue una tonelada de características:&#10;&#10;- Scrobble automático de lo que estás viendo&#10;- Aplicaciones móviles para iPhone, iPad, Android y Windows Phone&#10;- Comparte lo que estás viendo (en tiempo real) y tu valoración en Facebook y Twitter&#10;- Calendario personalizado para que no te pierdas ninguna serie&#10;- Sigue tus amigos y personas de interés&#10;- Usa las watchlists para no olvidarte de lo que quieres ver&#10;- Controla tus colecciones multimedia e impresiona a tus amigos&#10;- Crea listas personalizadas sobre los temas de tu elección&#10;- Controla fácilmente el progreso de los episodios y temporadas de tus Series&#10;- Controla tu progreso en comparación con listas industriales como IMDb TOP 250&#10;- Descubre nuevas Series y Películas basadas en tus hábitos&#10;- Widgets para tu firma en foros&#10;&#10;¿Qué puede hacer este add-on?&#10;&#10;- Scrobble automático de las Episodios y Películas que estás viendo&#10;- Sincronizar tus colecciones Series y Películas con trakt.tv (después de la actualización de la biblioteca)&#10;- Limpiar automáticamente tu colección de trakt.tv para que sea idéntica a la de Kodi&#10;- Mantener el mismo estado de visionado entre Kodi y trakt.tv&#10;- Valorar Películas y Episodios después de verlos&#10;&#10;¡Un agradecimiento especial a todos los que han contribuido en este plugin! Revisa el histórico de commits y el histórico de cambios para ver todos esos desarrolladores con talento.</description>
		<description lang="fr">Scrobble automatiquement sur trakt.tv tous les épisodes TV et les films que vous regarder! Garder un historique complet de tout ce que vous avez regardé et prenez part à une communauté globale d'amateurs de TV et de films. Enregistrez-vous pour un compte gratuit sur http://trakt.tv pour accéder à des tonnes de fonctionnalités:&#10;&#10;- Scrobblez automatiquement ce que vous regardez&#10;- Applications mobiles pour iPhone, iPad, Android et Windows Phone&#10;- Partagez ce que vous regardez (en temps réel) et vos notes sur Facebook et Twitter&#10;- Calendrier personnalisé pour ne plus jamais rater un épisode&#10;- Suivez vos amis et les gens qui vous intéressent&#10;- Utilisez des listes pour ne plus oublier ce que vous voulez regarder&#10;- Synchronisez vos collections de media et impressionnez vos amis&#10;- Créez des listes personnalisées autour des sujets que vous choisissez&#10;- Suivez facilement vos progrès pour toutes les saisons et épisodes des séries TV&#10;- Comparez vos progrès à des listes comme le Top 250 IMDb&#10;- Découvrez des nouvelles séries et des nouveaux films en vous basant sur vos habitudes de visionnement&#10;&#10;Que peut faire ce add-on?&#10;&#10;- Scrobbler automatiquement tous les épisodes TV et les films que vous regardez&#10;- Synchroniser vos collections d'épisodes TV et de films avec trakt (déclenché après une mise à jour de la médiathèque)&#10;- Nettoyer automatiquement votre collection trakt pour qu'elle concorde avec Kodi&#10;- Garder vos statuts de visionnement synchronisé entre Kodi et trakt&#10;- Noter les films et épisodes après les avoir regardés&#10;&#10;Remerciements spéciaux à tous ceux qui ont apporté leur contribution à ce plugin! Allez faire un tout sur l'historique des commits et le changelog pour voir ces talentueux développeurs.</description>
		<description lang="fr_CA">Scrobblez automatiquement tous les épisodes télé et tous les films vers trakt.tv! Gardez sur trakt.tv un historique détaillé de tout ce que vous avez regardé et faites partie d'une communauté mondiale de passionnés de télé et de films. Inscrivez-vous à un compte gratuit sur http://trakt.tv et obtenez une tonne de fonctions :&#10;&#10;- Scrobblez automatiquement ce que vous regardez&#10;- Applis mobiles pour Android, iPhone, iPad et Windows Phone&#10;- Partagez ce que vous regardez (en temps réel) et évaluez vers Facebook et Twitter&#10;- Calendrier personnalisé afin que vous ne ratiez jamais aucune émission télé&#10;- Suivez vos amis et les personnes qui vous intéresse&#10;- Utilisez des listes de suivi afin de ne pas oublier quoi regarder&#10;- Suivez vos collections multimédias et impressionnez vos amis&#10;- Créez des listes personnalisées sur tous les sujets que vous choisissez&#10;- Suivez la progression de toutes vos émissions télé, pour toutes les saisons et tous les épisodes&#10;- Suivez votre progression par rapport aux listes de l'industrie telles que les 250 1ers d'IMDb&#10;- Découvrez de nouvelles émissions et de nouveaux films d'après vos habitudes de visionnement&#10;- Widgets pour votre signature de forum&#10;&#10;Que peut faire cet addiciel?&#10;&#10;- Scrobblez automatiquement tous les épisodes télé et tous les films que vous regardez&#10;- Synchronisez vos collections d'épisodes télé et de films avec trakt (déclenché après une mise à jour de la vidéothèque)&#10;- Autonettoyez votre collection trakt afin qu'elle corresponde à Kodi&#10;- Synchronisez les états de visionnement entre Kodi et trakt&#10;- Évaluez les films et les épisodes après les avoir regardés&#10;&#10;Remerciements particuliers à tous ceux qui ont contribué au développement de cet addiciel! Consultez l'historique des validations et le journal des changements pour obtenir la liste de ces développeurs talentueux.</description>
		<description lang="it">Esegui automaticamente lo scrobbling di tutti gli episodi televisivi e dei film che guardi su trakt.tv! Mantieni uno storico completo di tutto ciò che hai visto e prendi parte a una comunità globale di appassionati di TV e film. Registrati per avere un account gratuito su http://trakt.tv e ottieni una tonnellata di funzioni:&#10;&#10;- Scrobbling automatico di quello che stai guardando&#10;- Applicazioni mobili per iPhone, iPad, Android e Windows Phone&#10;- Condividi su Facebook e Twitter ciò che guardi (in tempo reale) e la tua valutazione&#10;- Calendario personalizzato in modo da non perdere mai una puntata di uno show televisivo&#10;- Segui i tuoi amici e le persone che ti interessano&#10;- Usa la Watchlist in modo da non dimenticare cosa guardare&#10;- Tieni traccia delle tue raccolte multimediali e impressiona i tuoi amici&#10;- Crea liste personalizzate su qualsiasi argomento&#10;- Monitora facilmente i tuoi progressi nella visione degli show televisivi in tutte le stagioni ed episodi&#10;- Confronta i tuoi progressi con le liste di settore come la IMDb Top 250&#10;- Scopri nuovi spettacoli e film in base alle tue abitudini di visione&#10;- Widget per la firma del forum&#10;&#10;Che cosa può fare questa add-on?&#10;&#10;- Scrobble automatico di tutti gli episodi televisivi e film che vengono guardati&#10;- Sincronizzazione dei tuoi episodi TV e delle collezioni di film di trakt (attivata dopo un aggiornamento della libreria)&#10;- Pulizia automatica della collezione trakt in modo da farla corrispondere con Kodi&#10;- Mantenere lo stato delle visioni sincronizzate tra Kodi e trakt&#10;- Votazione di ogni puntata o film dopo la visualizzazione&#10;&#10;Un ringraziamento speciale a tutti coloro che hanno contribuito a questo plugin! Controllate la storia dei commit e la lista dei cambiamenti per vedere questi sviluppatori di talento.</description>
		<description lang="ko">시청 중인 모든 TV 쇼 에피소드와 영화 정보를 자동으로 trakt.tv에 전송합니다! 사용자가 시청한 모든 이력을 자세히 보관하고 전세계의 TV, 영화 커뮤니티의 일원으로 참여하세요. http://trakt.tv에서 무료 회원으로 가입하고 다양한 기능을 활용하세요:&#10;&#10;- 시청 중인 영화와 에피소드 정보를 자동으로 전송&#10;- iPhone, iPad, Android, Windows Phone 앱 지원&#10;- 시청 중 정보를 (실시간)으로 Facebook과 twitter로 공유하고 평가&#10;- 개인 캘린더로 TV 쇼 본방송을 놓치지 마세요&#10;- 친구와 관심있는 사람을 팔로우 하세요&#10;- 꼭 봐야 할 것들을 잊지 않기 위해 Watclist를 사용하세요&#10;- 여러분의 컬렉션을 관리하고 친구들을 감동 시키세요&#10;- 여러분이 선택한 모든 주제의 목록을 만드세요&#10;- 여러분의 TV 쇼 시청 진행 상태를 시즌별 에피소드별로 쉽게 기록하고 관리하세요&#10;- 여러분의 시청 상태를 IMDb Top 250 같은 목록과 비교해 보세요&#10;- 여러분이 시청한 자료를 토대로 새로운 영화와 TV쇼를 찾아보세요&#10;- 커뮤니티 포럼의 Widgets 으로 활용하세요&#10;&#10;이 애든온이 할 수 있는 것은?&#10;&#10;- 시청 중인 영화와 에피소드 정보를 자동으로 전송&#10;- 여러분의 TV 에피소드와 영화 컬렉션을 trakt와 동기화 (라이브러리를 업데이트할 때 작동)&#10;- Kodi 라이브러리와 일치하도록 trakt 컬렉션 자동 정리&#10;- Kodi와 trakt 사이의 시청 정보 동기화&#10;- 영화와 에피소드를 시청한 후 평가하기&#10;&#10;이 플러그인에 공헌한 모든 이에게 감사드립니다! 재능있는 이 개발자들을 확인하려면 커밋 이력과 변경사항을 확인하기 바랍니다.</description>
		<description lang="lt">Automatiškai užregistruoti visus TV epizodus ir filmus, kuriuos žiūrite, Trakt.tv sistemoje! Laikykite išsamią istoriją visko, ką peržiūrėjote ir būkite globalios TV ir filmų entuziastų bendruomenės dalimi. Susikurkite nemokamą paskyrą http://trakt.tv puslapyje ir gaukite daugybę funkcionalumų:&#10;&#10;- Automatiškai užregistruokite tai, ką žiūrite&#10;- Mobilios programelės, skirtos iPhone, iPad, Android ir Windows Phone&#10;- Dalinkitės tuo, ką žiūrite (realiuoju laiku) ir įvertinimais facebook ir twitter sistemose&#10;- Suasmenintas kalendorius, kad niekada nepraleistumėte TV laidos&#10;- Sekite savo draugus ir žmones, kuriais domitės&#10;- Naudokite peržiūros sąrašą, kad nepamirštumėte ką norite peržiūrėti&#10;- Sekite savo media kolekciją ir padarykite įspūdį savo draugams&#10;- Sukurkite savus sąrašus bet kokia pasirinkta tema&#10;- Lengvai sekite TV laidos progresą tarp visų sezonų ir epizodų&#10;- Sekite savo progresą tarp industrinių sąrašų, tokių kaip IMDb Top 250&#10;- Atraskite naujas laidas ir filmus pagal savo žiūrėjimo įpročius&#10;- Valdiklis jūsų forumo paskyros parašui&#10;&#10;Ką gali šis priedas?&#10;&#10;- Automatiškai registruoti visus TV epizodus ir filmus, kuriuos žiūrite&#10;- Sinchronizuoti jūsų TV epizodų ir filmų kolekciją su Trakt.tv (vykdoma po bibliotekos atnaujinimo)&#10;- Automatiškai išvalyti jūsų Trakt.tv kolekciją, kad ji sutaptų su Kodi&#10;- Išlaikyti peržiūrėjimo būsenas sinchronizuotas tarp Kodi ir Trakt.tv&#10;- Įvertinti filmus ir epizodus juos peržiūrėjus&#10;&#10;Specialus ačiū visiems, kurie prisidėjo prie šio įskiepio! Patikrinkite kodo istoriją ir pakeitimų sąrašą, kad pamatytumėte šiuos talentingus kūrėjus.</description>
		<description lang="nl">Automatisch scrobble alle TV afleveringen en films die je aan bekijken bent aan trakt.tv! Houd een uitgebreide historie van alles wat je hebt bekeken en maak deel uit van een wereldwijde gemeenschap van TV- en filmliefhebbers. Schrijf je in voor een gratis account op http://trakt.tv en krijg een ton aan functies:&#10;&#10;- Automatisch schrobblen wat je aan het bekijken bent&#10;- Mobiele apps voor iPhone, iPad, Android en Windows Phone&#10;- Deel wat je aan het bekijken ben (gelijktijdig) en waardeer in Facebook en Twitter&#10;- Gepersonaliseerde kalender zodat je nooit een TV aflevering mist&#10;- Volg je vrienden en mensen waarin je ben geïnteresseerd&#10;- Gebruik kijklijsten zodat je niet vergeet at te kijken&#10;- Traceer jouw mediacollecties en maak indruk op jouw vrienden&#10;- Creëer aangepaste lijsten rond onderwerpen die jij kiest&#10;- Traceer gemakkelijk jou tv serie progressie rond alle seizoenen en afleveringen&#10;- Traceer jouw progressie tegen fabriekslijsten zoals de IMDb Top 250&#10;- Ontdek nieuwe series en films gebaseerd op jouw kijk gewoonten&#10;- Widgets voor jouw forum handtekening&#10;&#10;Wat kan deze add-on doen?&#10;&#10;- Automatisch schrobblen van alle TV afleveringen en films die je aan het bekijken bent&#10;- Sync jou TV aflevering en film collecties naar trakt (getriggerd na een bibliotheekupdate)&#10;- Automatisch opschonen van jou trakt collectie zodat het overeenkomt met Kodi&#10;- Houdt  bekeken statussen gesynchroniseerd tussen Kodi en trakt&#10;- waardeer films en aflevering na ze te hebben bekeken&#10;&#10;Speciale dank naar allen die hebben meegeholpen aan deze plugin! Controleer de commentaar historie en changelog om deze getalenteerde ontwikkelaars te zien</description>
		<description lang="no">Scrobble alle TV-episoder og filmer du ser til trakt.tv! Hold en omfattende oversikt av alt du har sett og bli en del av et globalt samfunn av TV og filmentusiaster. Meld deg inn og få en gratis konto på http://trakt.tv og få tilgang til en haug av funksjoner:&#10;&#10;- Scrobble det du ser automatisk&#10;- Mobile applikasjoner for iPhone, iPad, Android og Windows Phone&#10;- Del det du ser (i sanntid) og vurderinger til Facebook og Twitter&#10;- Personalisert kalender så du ikke går glipp av favorittprogrammene dine&#10;- Følg vennene dine og folk du er interessert i&#10;- Bruk overvåkingsliste så du ikke glemmer hva du skal se&#10;- Spor mediasamlingen og imponer venner&#10;- Lag tilpassede lister basert på egne emner&#10;- Spor fremgangen din på TV-programmer på tvers av sesonger og episoder&#10;- Spor fremgangen din mot lister som IMDb Top 250&#10;- Oppdag nye TV-programmer og filmer basert på vanene dine&#10;- Widgets som forumsignatur&#10;&#10;- Hva kan denne utvidelsen gjøre?&#10;&#10;- Scrobble alle TV-episoder og filmer som du ser på automatisk&#10;- Synkronisere TV-episode og filmsamlinger til trakt (trigges etter biblioteksoppdatering)&#10;- Automatisk opprydning i trakt-samlingen så den samsvarer med Kodi&#10;- Hold sett-statuser synkronisert mellom Kodi og trakt&#10;- Vurder filmer og episoder etter å ha sett de&#10;&#10;Takk til alle som har bidratt til denne utvidelsen! Sjekk commit-historien og endringsloggen for å se disse talentfulle utviklerene.</description>
		<description lang="pl">Automatyczna rejestracja obejrzanych odcinków serialów i film w serwisie trakt.tv! Przechowuj pełną historię wszystkich obejrzanych mediów i bądź częścią globalnej społeczności entuzjastów multimediów. Zarejestruj swoje konto za darmo na http://trakt.tv i uzyskaj dostęp do mnóstwa funkcji:&#10;- automatycznej rejestracji obejrzanych mediów&#10;- mobilnych aplikacji na iPhone'a, iPada, Androida i Windows Phone&#10;- publikacji obejrzanych mediów i ich oceny (w czasie rzeczywistym) w serwisach Facebook i Twitter&#10;- osobistego kalendarza żebyś nigdy nie przegapił emisji serialu&#10;- śledzenia aktywności znajomych i osób, którymi się interesujesz&#10;- korzystania z list odtwarzania żebyś nigdy nie zapomniał tego, co chcesz obejrzeć&#10;- udostępniania swojej kolekcji mediów, którą możesz zaimponować swoim znajomym&#10;- tworzenia niestandardowych list skupionych na wybranym temacie&#10;- łatwego śledzenia postępów oglądania sezonów i odcinków serialu&#10;- porównywania własnych postępów oglądania z publicznymi listami takimi jak lista Top 250 serwisu IMDb&#10;- odkrywanie nowych seriali i filmów na podstawie preferencji&#10;&#10;Co potrafi ten dodatek?&#10;&#10;- rejestrować automatycznie odtwarzania wszystkich odcinków seriali i filmów&#10;- synchronizację biblioteki filmów i odcinków seriali z kolekcją Trakt (uruchamianą po aktualizacji biblioteki)&#10;- czyszczenie kolekcji Trakt w celu pełnego dopasowania z biblioteką Kodi&#10;- utrzymywanie synchronizacji stanów obejrzenia między biblioteką Kodi a kolekcją Trakt&#10;- możliwość oceny filmów i odcinków seriali zaraz po obejrzeniu&#10;&#10;Specjalne podziękowania dla wszystkich, którzy wnieśli swój wkład w tworzenie tego dodatku! Przejrzyj historię i dziennik zmian, aby poznać tych utalentowanych programistów.</description>
		<description lang="pt">Automáticamente faça scrobble de episódios e filmes que está a ver para o trakt.tv! Mantenha um histórico de tudo o que vizualizou e faça parte de uma comunidade de entusiastes de filmes e séries. Inscreva-se gratuitamente para uma conta em http://trakt.tv e receba uma tonelada de funiconalidades:&#10;&#10;-Scrobble automático quando está a visualizar&#10;-Aplicações moveis para iPhone, iPad, Android, Windows Phone e Blackberry&#10;_Partilhe o que está a visualizar (em tempo real) e as suas classificações no facebook e twitter&#10;-Calendário personalizado de forma a nunca perder uma série&#10;-Siga os seus amigos e pessoas de interesse&#10;-Use listas para não esquecer o que ver&#10;-Mostre as suas bibliotecas de filmes e séries aos seus amigos&#10;-Crie listas personalizadas sobre os assuntos que quiser&#10;-Verifique que espisódios já visualizou e quais faltam ver&#10;-Veja que filmes tem do IMDB TOP 250&#10;-Descubra novos filmes e séries com base nos que já viu&#10;-widgets para usar na assinatura de foruns&#10;&#10;O que pode este addon fazer?&#10;-Scrobble automático de todos os episódios de TV e filmes que está a ver&#10;-Sincronização dos episódios de TV e filmes vistos com o trakt (após um update da biblioteca)&#10;-Limpeza automática do trakt de forma a ficar igual ao Kodi&#10;-Manter as visualizações sincronizadas entre o trakt e o Kodi&#10;-Classifique filmes e episódios após visualização&#10;&#10;Um obrigado especial a todos os que contribuiram para este plugin! Veja o github e o changelog para ver quem são estes programadores talentosos.</description>
		<description lang="sv">Skrobbla automatiskt alla TV-serie avsnitt och filmer du tittar på till trakt.tv! Samla en innehållsrik historik om allt du tittar på och var en del av ett globalt kollektiv av TV och film entusiaster. Skapa ett gratis konto på http://trakt.tv och ta del av massor av funktioner.&#10;&#10;- Skrobbla automatiskt vad du tittar på&#10;- Appar för iPhone, iPad, Android och Windows Phone&#10;- Dela vad du tittar på (i realtid) samt dina betyg på Facebook och Twitter&#10;- Personlig kalender så du aldrig missar en TV serie&#10;- Följ dina vänner och andra intressanta personer&#10;- Använd "att se" listor så du inte glömmer vad du skall se&#10;- Spåra dina media samlingar och imponera på dina vänner&#10;- Skapa listor för olika ämnen som du väljer&#10;- Spåra lätt hur mycket av en TV serie du sett, över alla säsonger och avsnitt&#10;- Jämför hur mycket film du har sett mot flera viktiga listor inom industrin, t.ex. IMDb Top 250&#10;- Upptäck nya TV serier och filmer baserat på din historik&#10;- Widgets för din forum signatur&#10;&#10;Vad kan detta addon göra?&#10;&#10;- Skrobbla automatiskt alla TV-serie avsnitt och filmer du tittar på&#10;- Synkronisera dina samlingar av film och Tv-serier till trakt (startas efter en uppdatering av ditt bibliotek i Kodi)&#10;- Städa automatiskt din trakt samling så den stämmer med Kodi.&#10;- Synkronisera sedd/osedd status mellan Kodi och trakt&#10;- Betygsätt filmer och TV-serier avsnitt efter du har sett dem&#10;&#10;Ett stort tack till alla som bidragit till detta plugin! Se loggen för tillägg och ändringar för att se vilka dessa talangfulla utvecklare är.</description>
		<language></language>
		<platform>all</platform>
		<forum>http://forum.kodi.tv/showthread.php?tid=138745</forum>
		<website>http://trakt.tv</website>
		<email></email>
		<source>https://github.com/trakt/script.trakt</source>
	</extension>
</addon>
