﻿<?xml version="1.0" encoding="UTF-8" standalone="yes"?>
<addon id="repository.tknorris.beta" name="tknorris Beta Testing Repository" version="1.0.4" provider-name="tknorris">
    <extension point="xbmc.addon.repository" name="tknorris beta testing repository">
	    <dir>
	        <info compressed="false">https://offshoregit.com/tvaresolvers/tva-common-repository/raw/master/addons.xml</info>
	        <checksum>https://offshoregit.com/tvaresolvers/tva-common-repository/raw/master/addons.xml.md5</checksum>
	        <datadir zip="true">https://offshoregit.com/tvaresolvers/tva-common-repository/raw/master/zips/</datadir>
	    </dir>
        <info compressed="false">http://github.com/tknorris/tknorris-beta-repo/raw/master/addons.xml</info>
        <checksum>http://github.com/tknorris/tknorris-beta-repo/raw/master/addons.xml.md5</checksum>
        <datadir zip="true">http://github.com/tknorris/tknorris-beta-repo/raw/master/zips/</datadir>
    </extension>
    <extension point="xbmc.addon.metadata">
        <summary>This is used ONLY for beta testing</summary>
        <description>Beta testing only!!!
DO NOT INSTALL UNLESS YOU WISH TO PARTICIPATE IN BETA TESTING

Addons Included        	
    - 1Channel (Beta)
    - 1Channel Thempak
    - SALTS (Beta)
    - SALTS Themepak
    - Trakt (Beta)
    - Trakt List Manager (alpha)
        </description>
        <platform>all</platform>
    </extension>
</addon>

